{"Rdrmaz81Ji5DKlXozwoh9A==":"logo%20proposal-122x46.png","qt20sxPrE/+Vj6xJ2cdYFw==":"logo%20proposal-122x46.png","CC/KOplUAYq64YHeWByRCg==":"logo%20proposal-297x113.png","XScob/WUmcSZ7Dn2ZL6+cA==":"logo%20proposal%20white-298x113.png","XgUi1xbiQzQwFZYDw45Cng==":"artisan-arts-and-crafts-circuit-board-2517330-2000x1328.jpg","PL5rDCgecRVh4NUQBUc2aA==":"artisan-arts-and-crafts-circuit-board-2517330-1184x786.jpg","Z5lpR+fi1H53eujKOeRFDQ==":"soft-case-programme_titleimageswap500x408-500x408.jpg","bhRf/ArtWj892r1oARCwGA==":"2.brain-640x440.jpg","+Oh65k7wrJz752UiUq3KHA==":"3.hardware-640x440.png","gNy9WcLmgVPdXLETgxRfXQ==":"4.programming-640x440.jpg","YCWPx7jBsvySLQC7Ns2V4A==":"5.custom-640x440.jpg","AayFyyT8tKRoNf11qeW91g==":"6.pay-640x440.png","BALvcYNXcNS6UU1l5iaZmg==":"1.enclosure-600x440.jpg","bHKoTWU+r4MxQgQHwWo5FQ==":"1.enclosure(2)-640x440.jpg","G5CwTkVHyCNCx8g/sfAR9Q==":"hub_final-1-600x400.jpg","JYw8c8o1ZSoVEswpSVZyQg==":"view2-1024x768.jpg","Eu2PAUR/s/Vssgyqc4pFQA==":"view4-1024x768.jpg","Yfv1a3bfzWXYg/wRmj5w2A==":"smart-hub%20pcb-806x650.png","PYQZqfwYpZtxRfFuTzLUdQ==":"hub_final-2-600x400.jpg","g5BZ4A36Bpujy+wu3V4wSQ==":"hub_final-3-600x400.jpg","u3s/kuUpqjLoZROaHPW7+A==":"hub_final-4-600x400.jpg","NII6lG5x9Yd0bkB1d9CbeQ==":"smart%20-%20hub%20pcb%202-1044x650.png","lCwgwOnxPAhFPZs3//BTuQ==":"24176726_10159689049760424_9075891027413164729_n-400x561.jpg","tVqNPDZe6VsG9zURvT+HNg==":"24176726_10159689049760424_9075891027413164729_n-400x561.jpeg","IxkPRocGdEEy3SUzkKed7A==":"0-396x396.jpg","oZhu6gili8ZOaTM81mCaDg==":"enclosure-336x336.png","cpfxk5zwyj3CG6yJeN6oYQ==":"brain-280x312.png","K/2GyFHfoNNr9BNT/Oz7wQ==":"enclosure(1)-384x384.png","x8xmp3+j+ITiUm4T68YSyw==":"brain(1)-384x384.png","NwmfD7aQsCavrGGt9IMECA==":"programming-384x384.png","g59s1iDix/FCL5iqJ4WXsw==":"customize(1)-384x384.png","WdpKiIYdiHceOkN7wBwWRg==":"credit%20card(1)-384x384.png","ffryLx5sd1Bt0bMWm0wRdg==":"controller(1)-384x384.png","+wDdvwwsw2o7cKu5yu2fQA==":"enclosure(2)-256x256.png","CK99qrksFhGbdkhxrSrr6w==":"brain(2)-256x256.png","XPoApoJ3sJzMwWOwPfoQmQ==":"electronic%20components-256x256.png","DOy+OETj+FVzaOc7Uw7B6g==":"programming(1)-256x256.png","Ox5QCGI20OWVnCS+e74JGA==":"custom-256x256.png","luG74OSQn+xXrT2OTl5DAw==":"credit%20card(2)-256x256.png","tg1fsTXQzVpEKtJeonGbYw==":"brain%20x%2032-256x256.png","/rNbnQgw7mMXKvPl+YsS6g==":"brain%20x%2032%20(1)-384x384.png","BRweJ+bpo6ZJr/YHtYQ2bA==":"brain%20x%2032%20copy-320x200.png"}